State,PHC_Count,PHC_Public,PHC_Private,PHC_Urban,PHC_Rural,Doctors_Required,Doctors_Sanctioned,Doctors_In_Position,Doctor_Vacancy,Doctor_Shortfall,AYUSH_Hospitals,AYUSH_Beds,Data_Source,Data_Year,Doctor_Vacancy_Rate,Doctor_Shortfall_Rate
Andaman & Nicobar Islands,27.0,27.0,0.0,5.0,22.0,22.0,42.0,34.0,8.0,,5.0,90.0,Government public datasets,2017-2020,0.19047619047619047,
Andhra Pradesh,1533.0,1533.0,0.0,378.0,1155.0,1147.0,1952.0,1644.0,308.0,,8.0,365.0,Government public datasets,2017-2020,0.15778688524590165,
Arunachal Pradesh,167.0,167.0,0.0,5.0,162.0,143.0,,122.0,,21.0,12.0,125.0,Government public datasets,2017-2020,,0.14685314685314685
Assam,1668.0,1225.0,443.0,64.0,1604.0,1014.0,,1048.0,,,4.0,205.0,Government public datasets,2017-2020,,
Bihar,2111.0,2111.0,0.0,287.0,1824.0,1899.0,2078.0,1786.0,292.0,113.0,8.0,950.0,Government public datasets,2017-2020,0.14051973051010588,0.05950500263296472
Chandigarh,53.0,53.0,0.0,50.0,3.0,3.0,0.0,3.0,,0.0,2.0,80.0,Government public datasets,2017-2020,,0.0
Chhattisgarh,1103.0,1100.0,3.0,85.0,1018.0,785.0,798.0,341.0,457.0,444.0,15.0,840.0,Government public datasets,2017-2020,0.5726817042606517,0.5656050955414013
Dadra & Nagar Haveli and Daman & Diu,5.0,5.0,0.0,2.0,3.0,9.0,15.0,8.0,7.0,1.0,0.0,0.0,Government public datasets,2017-2020,0.4666666666666667,0.1111111111111111
Delhi,697.0,676.0,21.0,648.0,49.0,5.0,21.0,21.0,0.0,,5.0,600.0,Government public datasets,2017-2020,0.0,
Goa,50.0,31.0,19.0,8.0,42.0,24.0,48.0,56.0,,,2.0,150.0,Government public datasets,2017-2020,,
Gujarat,2133.0,1931.0,202.0,486.0,1647.0,1392.0,1769.0,1229.0,540.0,163.0,64.0,3258.0,Government public datasets,2017-2020,0.30525720746184287,0.11709770114942529
Haryana,715.0,715.0,0.0,196.0,519.0,366.0,687.0,429.0,258.0,,11.0,745.0,Government public datasets,2017-2020,0.37554585152838427,
Himachal Pradesh,640.0,640.0,0.0,11.0,629.0,538.0,636.0,492.0,144.0,46.0,34.0,710.0,Government public datasets,2017-2020,0.22641509433962265,0.08550185873605948
Jammu & Kashmir,749.0,749.0,0.0,61.0,688.0,637.0,1347.0,704.0,643.0,,2.0,75.0,Government public datasets,2017-2020,0.4773570898292502,
Jharkhand,426.0,372.0,54.0,58.0,368.0,297.0,569.0,331.0,238.0,,5.0,350.0,Government public datasets,2017-2020,0.4182776801405975,
Karnataka,2649.0,2649.0,0.0,381.0,2268.0,2359.0,2359.0,2136.0,223.0,223.0,213.0,10195.0,Government public datasets,2017-2020,0.09453158117846545,0.09453158117846545
Kerala,958.0,948.0,10.0,87.0,871.0,849.0,1120.0,1169.0,,,162.0,4054.0,Government public datasets,2017-2020,,
Lakshadweep,5.0,5.0,0.0,0.0,5.0,4.0,8.0,8.0,0.0,,,,Government public datasets,2017-2020,0.0,
Lakshdweep,,,,,,,,,,,0.0,0.0,Government public datasets,2017-2020,,
Madhya Pradesh,1576.0,1574.0,2.0,323.0,1253.0,1171.0,1771.0,954.0,817.0,217.0,23.0,690.0,Government public datasets,2017-2020,0.4613212874082439,0.18531169940222034
Maharashtra,2815.0,2775.0,40.0,980.0,1835.0,1814.0,3009.0,2929.0,80.0,,71.0,8836.0,Government public datasets,2017-2020,0.026586905948820207,
Manipur,97.0,96.0,1.0,9.0,88.0,85.0,238.0,194.0,44.0,,10.0,0.0,Government public datasets,2017-2020,0.18487394957983194,
Meghalaya,171.0,171.0,0.0,24.0,147.0,109.0,128.0,112.0,16.0,,10.0,100.0,Government public datasets,2017-2020,0.125,
Mizoram,76.0,76.0,0.0,8.0,68.0,57.0,152.0,56.0,96.0,1.0,2.0,100.0,Government public datasets,2017-2020,0.631578947368421,0.017543859649122806
Nagaland,154.0,144.0,10.0,11.0,143.0,126.0,108.0,122.0,,4.0,2.0,10.0,Government public datasets,2017-2020,,0.031746031746031744
Odisha,1396.0,1396.0,0.0,103.0,1293.0,1280.0,1285.0,940.0,345.0,340.0,14.0,903.0,Government public datasets,2017-2020,0.26848249027237353,0.265625
Puducherry,41.0,41.0,0.0,16.0,25.0,40.0,38.0,46.0,,,0.0,0.0,Government public datasets,2017-2020,,
Punjab,566.0,566.0,0.0,115.0,451.0,432.0,593.0,568.0,25.0,,9.0,208.0,Government public datasets,2017-2020,0.04215851602023609,
Rajasthan,2886.0,2886.0,0.0,408.0,2478.0,2079.0,2664.0,2382.0,282.0,,137.0,1391.0,Government public datasets,2017-2020,0.10585585585585586,
Sikkim,28.0,28.0,0.0,1.0,27.0,24.0,,30.0,,,1.0,10.0,Government public datasets,2017-2020,,
TOTAL (A),,,,,,,,,,,3893.0,53026.0,Government public datasets,2017-2020,,
Tamil Nadu,1976.0,1976.0,0.0,494.0,1482.0,1362.0,2927.0,2759.0,168.0,,293.0,2381.0,Government public datasets,2017-2020,0.05739665186197472,
Telangana,893.0,893.0,0.0,287.0,606.0,689.0,1318.0,966.0,352.0,,20.0,841.0,Government public datasets,2017-2020,0.26707132018209406,
Tripura,133.0,126.0,7.0,12.0,121.0,93.0,0.0,156.0,,,4.0,60.0,Government public datasets,2017-2020,,
Uttar Pradesh,3681.0,3677.0,4.0,660.0,3021.0,3621.0,4509.0,2209.0,2300.0,1412.0,2316.0,11461.0,Government public datasets,2017-2020,0.5100909292526059,0.3899475283070975
Uttarakhand,305.0,305.0,0.0,43.0,262.0,257.0,386.0,215.0,171.0,42.0,405.0,2073.0,Government public datasets,2017-2020,0.4430051813471503,0.16342412451361868
West Bengal,1455.0,1437.0,18.0,519.0,936.0,914.0,1390.0,918.0,472.0,,22.0,1150.0,Government public datasets,2017-2020,0.339568345323741,
